patient_id,doctor1,doctor2,cohen_kappa,f1_score
patient2,doctor1,doctor3,-0.07967609717084878,0.46534653465346537
patient1,doctor1,doctor3,-0.01795113834535944,0.4904904904904905
patient3,doctor1,doctor3,0.022422313560541807,0.5124626121635095
